,date,sp500,nasdaq,dj
1,2021-01-01,3756.070068359375,12888.2802734375,30606.48046875
2,2021-01-02,3756.070068359375,12888.2802734375,30606.48046875
3,2021-01-03,3756.070068359375,12888.2802734375,30606.48046875
4,2021-01-04,3700.64990234375,12698.4501953125,30223.890625
5,2021-01-05,3726.860107421875,12818.9599609375,30391.599609375
6,2021-01-06,3748.139892578125,12740.7900390625,30829.400390625
7,2021-01-07,3803.7900390625,13067.48046875,31041.130859375
8,2021-01-08,3824.679931640625,13201.98046875,31097.970703125
9,2021-01-09,3824.679931640625,13201.98046875,31097.970703125
10,2021-01-10,3824.679931640625,13201.98046875,31097.970703125
11,2021-01-11,3799.610107421875,13036.4296875,31008.689453125
12,2021-01-12,3801.18994140625,13072.4296875,31068.689453125
13,2021-01-13,3809.840087890625,13128.9501953125,31060.470703125
14,2021-01-14,3795.5400390625,13112.6396484375,30991.51953125
15,2021-01-15,3768.25,12998.5,30814.259765625
16,2021-01-16,3768.25,12998.5,30814.259765625
17,2021-01-17,3768.25,12998.5,30814.259765625
18,2021-01-18,3768.25,12998.5,30814.259765625
19,2021-01-19,3798.909912109375,13197.1796875,30930.51953125
20,2021-01-20,3851.85009765625,13457.25,31188.380859375
21,2021-01-21,3853.070068359375,13530.91015625,31176.009765625
22,2021-01-22,3841.469970703125,13543.0595703125,30996.98046875
23,2021-01-23,3841.469970703125,13543.0595703125,30996.98046875
24,2021-01-24,3841.469970703125,13543.0595703125,30996.98046875
25,2021-01-25,3855.360107421875,13635.990234375,30960.0
26,2021-01-26,3849.6201171875,13626.0595703125,30937.0390625
27,2021-01-27,3750.77001953125,13270.599609375,30303.169921875
28,2021-01-28,3787.3798828125,13337.16015625,30603.359375
29,2021-01-29,3714.239990234375,13070.6904296875,29982.619140625
30,2021-01-30,3714.239990234375,13070.6904296875,29982.619140625
31,2021-01-31,3714.239990234375,13070.6904296875,29982.619140625
32,2021-02-01,3773.860107421875,13403.3896484375,30211.91015625
33,2021-02-02,3826.31005859375,13612.7802734375,30687.48046875
34,2021-02-03,3830.169921875,13610.5400390625,30723.599609375
35,2021-02-04,3871.739990234375,13777.740234375,31055.859375
36,2021-02-05,3886.830078125,13856.2998046875,31148.240234375
37,2021-02-06,3886.830078125,13856.2998046875,31148.240234375
38,2021-02-07,3886.830078125,13856.2998046875,31148.240234375
39,2021-02-08,3915.590087890625,13987.6396484375,31385.759765625
40,2021-02-09,3911.22998046875,14007.7001953125,31375.830078125
41,2021-02-10,3909.8798828125,13972.5302734375,31437.80078125
42,2021-02-11,3916.3798828125,14025.76953125,31430.69921875
43,2021-02-12,3934.830078125,14095.4697265625,31458.400390625
44,2021-02-13,3934.830078125,14095.4697265625,31458.400390625
45,2021-02-14,3934.830078125,14095.4697265625,31458.400390625
46,2021-02-15,3934.830078125,14095.4697265625,31458.400390625
47,2021-02-16,3932.590087890625,14047.5,31522.75
48,2021-02-17,3931.330078125,13965.490234375,31613.01953125
49,2021-02-18,3913.969970703125,13865.3603515625,31493.33984375
50,2021-02-19,3906.7099609375,13874.4599609375,31494.3203125
51,2021-02-20,3906.7099609375,13874.4599609375,31494.3203125
52,2021-02-21,3906.7099609375,13874.4599609375,31494.3203125
53,2021-02-22,3876.5,13533.0498046875,31521.689453125
54,2021-02-23,3881.3701171875,13465.2001953125,31537.349609375
55,2021-02-24,3925.429931640625,13597.9697265625,31961.859375
56,2021-02-25,3829.340087890625,13119.4296875,31402.009765625
57,2021-02-26,3811.14990234375,13192.349609375,30932.369140625
58,2021-02-27,3811.14990234375,13192.349609375,30932.369140625
59,2021-02-28,3811.14990234375,13192.349609375,30932.369140625
60,2021-03-01,3901.820068359375,13588.830078125,31535.509765625
61,2021-03-02,3870.2900390625,13358.7900390625,31391.51953125
62,2021-03-03,3819.719970703125,12997.75,31270.08984375
63,2021-03-04,3768.469970703125,12723.4697265625,30924.140625
64,2021-03-05,3841.93994140625,12920.150390625,31496.30078125
65,2021-03-06,3841.93994140625,12920.150390625,31496.30078125
66,2021-03-07,3841.93994140625,12920.150390625,31496.30078125
67,2021-03-08,3821.35009765625,12609.16015625,31802.439453125
68,2021-03-09,3875.43994140625,13073.8203125,31832.740234375
69,2021-03-10,3898.81005859375,13068.830078125,32297.01953125
70,2021-03-11,3939.340087890625,13398.669921875,32485.58984375
71,2021-03-12,3943.340087890625,13319.8603515625,32778.640625
72,2021-03-13,3943.340087890625,13319.8603515625,32778.640625
73,2021-03-14,3943.340087890625,13319.8603515625,32778.640625
74,2021-03-15,3968.93994140625,13459.7099609375,32953.4609375
75,2021-03-16,3962.7099609375,13471.5703125,32825.94921875
76,2021-03-17,3974.1201171875,13525.2001953125,33015.37109375
77,2021-03-18,3915.4599609375,13116.169921875,32862.30078125
78,2021-03-19,3913.10009765625,13215.240234375,32627.970703125
79,2021-03-20,3913.10009765625,13215.240234375,32627.970703125
80,2021-03-21,3913.10009765625,13215.240234375,32627.970703125
81,2021-03-22,3940.590087890625,13377.5400390625,32731.19921875
82,2021-03-23,3910.52001953125,13227.7001953125,32423.150390625
83,2021-03-24,3889.139892578125,12961.8896484375,32420.060546875
84,2021-03-25,3909.52001953125,12977.6796875,32619.48046875
85,2021-03-26,3974.5400390625,13138.73046875,33072.87890625
86,2021-03-27,3974.5400390625,13138.73046875,33072.87890625
87,2021-03-28,3974.5400390625,13138.73046875,33072.87890625
88,2021-03-29,3971.090087890625,13059.650390625,33171.37109375
89,2021-03-30,3958.550048828125,13045.3896484375,33066.9609375
90,2021-03-31,3972.889892578125,13246.8701171875,32981.55078125
91,2021-04-01,4019.8701171875,13480.1103515625,33153.2109375
92,2021-04-02,4019.8701171875,13480.1103515625,33153.2109375
93,2021-04-03,4019.8701171875,13480.1103515625,33153.2109375
94,2021-04-04,4019.8701171875,13480.1103515625,33153.2109375
95,2021-04-05,4077.909912109375,13705.58984375,33527.19140625
96,2021-04-06,4073.93994140625,13698.3798828125,33430.23828125
97,2021-04-07,4079.949951171875,13688.83984375,33446.26171875
98,2021-04-08,4097.169921875,13829.3095703125,33503.5703125
99,2021-04-09,4128.7998046875,13900.1904296875,33800.6015625
100,2021-04-10,4128.7998046875,13900.1904296875,33800.6015625
101,2021-04-11,4128.7998046875,13900.1904296875,33800.6015625
102,2021-04-12,4127.990234375,13850.0,33745.3984375
103,2021-04-13,4141.58984375,13996.099609375,33677.26953125
104,2021-04-14,4124.66015625,13857.83984375,33730.890625
105,2021-04-15,4170.419921875,14038.759765625,34035.98828125
106,2021-04-16,4185.47021484375,14052.33984375,34200.671875
107,2021-04-17,4185.47021484375,14052.33984375,34200.671875
108,2021-04-18,4185.47021484375,14052.33984375,34200.671875
109,2021-04-19,4163.259765625,13914.76953125,34077.62890625
110,2021-04-20,4134.93994140625,13786.26953125,33821.30078125
111,2021-04-21,4173.419921875,13950.2197265625,34137.30859375
112,2021-04-22,4134.97998046875,13818.41015625,33815.8984375
113,2021-04-23,4180.169921875,14016.8095703125,34043.48828125
114,2021-04-24,4180.169921875,14016.8095703125,34043.48828125
115,2021-04-25,4180.169921875,14016.8095703125,34043.48828125
116,2021-04-26,4187.6201171875,14138.7802734375,33981.5703125
117,2021-04-27,4186.72021484375,14090.2197265625,33984.9296875
118,2021-04-28,4183.18017578125,14051.0302734375,33820.37890625
119,2021-04-29,4211.47021484375,14082.5498046875,34060.359375
120,2021-04-30,4181.169921875,13962.6796875,33874.8515625
121,2021-05-01,4181.169921875,13962.6796875,33874.8515625
122,2021-05-02,4181.169921875,13962.6796875,33874.8515625
123,2021-05-03,4192.66015625,13895.1201171875,34113.23046875
124,2021-05-04,4164.66015625,13633.5,34133.03125
125,2021-05-05,4167.58984375,13582.419921875,34230.33984375
126,2021-05-06,4201.6201171875,13632.83984375,34548.53125
127,2021-05-07,4232.60009765625,13752.240234375,34777.76171875
128,2021-05-08,4232.60009765625,13752.240234375,34777.76171875
129,2021-05-09,4232.60009765625,13752.240234375,34777.76171875
130,2021-05-10,4188.43017578125,13401.8603515625,34742.8203125
131,2021-05-11,4152.10009765625,13389.4296875,34269.16015625
132,2021-05-12,4063.0400390625,13031.6796875,33587.66015625
133,2021-05-13,4112.5,13124.990234375,34021.44921875
134,2021-05-14,4173.85009765625,13429.98046875,34382.12890625
135,2021-05-15,4173.85009765625,13429.98046875,34382.12890625
136,2021-05-16,4173.85009765625,13429.98046875,34382.12890625
137,2021-05-17,4163.2900390625,13379.0498046875,34327.7890625
138,2021-05-18,4127.830078125,13303.6396484375,34060.66015625
139,2021-05-19,4115.68017578125,13299.740234375,33896.0390625
140,2021-05-20,4159.1201171875,13535.740234375,34084.1484375
141,2021-05-21,4155.85986328125,13470.990234375,34207.83984375
142,2021-05-22,4155.85986328125,13470.990234375,34207.83984375
143,2021-05-23,4155.85986328125,13470.990234375,34207.83984375
144,2021-05-24,4197.0498046875,13661.169921875,34393.98046875
145,2021-05-25,4188.1298828125,13657.169921875,34312.4609375
146,2021-05-26,4195.990234375,13738.0,34323.05078125
147,2021-05-27,4200.8798828125,13736.2802734375,34464.640625
148,2021-05-28,4204.10986328125,13748.740234375,34529.44921875
149,2021-05-29,4204.10986328125,13748.740234375,34529.44921875
150,2021-05-30,4204.10986328125,13748.740234375,34529.44921875
151,2021-05-31,4204.10986328125,13748.740234375,34529.44921875
152,2021-06-01,4202.0400390625,13736.48046875,34575.30859375
153,2021-06-02,4208.1201171875,13756.330078125,34600.37890625
154,2021-06-03,4192.85009765625,13614.509765625,34577.0390625
155,2021-06-04,4229.89013671875,13814.490234375,34756.390625
156,2021-06-05,4229.89013671875,13814.490234375,34756.390625
157,2021-06-06,4229.89013671875,13814.490234375,34756.390625
158,2021-06-07,4226.52001953125,13881.7197265625,34630.23828125
159,2021-06-08,4227.259765625,13924.91015625,34599.8203125
160,2021-06-09,4219.5498046875,13911.75,34447.140625
161,2021-06-10,4239.18017578125,14020.330078125,34466.23828125
162,2021-06-11,4247.43994140625,14069.419921875,34479.6015625
163,2021-06-12,4247.43994140625,14069.419921875,34479.6015625
164,2021-06-13,4247.43994140625,14069.419921875,34479.6015625
165,2021-06-14,4255.14990234375,14174.1396484375,34393.75
166,2021-06-15,4246.58984375,14072.8603515625,34299.328125
167,2021-06-16,4223.7001953125,14039.6796875,34033.671875
168,2021-06-17,4221.85986328125,14161.349609375,33823.44921875
169,2021-06-18,4166.4501953125,14030.3798828125,33290.078125
170,2021-06-19,4166.4501953125,14030.3798828125,33290.078125
171,2021-06-20,4166.4501953125,14030.3798828125,33290.078125
172,2021-06-21,4224.7900390625,14141.48046875,33876.96875
173,2021-06-22,4246.43994140625,14253.26953125,33945.578125
174,2021-06-23,4241.83984375,14271.73046875,33874.23828125
175,2021-06-24,4266.490234375,14369.7099609375,34196.8203125
176,2021-06-25,4280.7001953125,14360.3896484375,34433.83984375
177,2021-06-26,4280.7001953125,14360.3896484375,34433.83984375
178,2021-06-27,4280.7001953125,14360.3896484375,34433.83984375
179,2021-06-28,4290.60986328125,14500.509765625,34283.26953125
180,2021-06-29,4291.7998046875,14528.330078125,34292.2890625
181,2021-06-30,4297.5,14503.9501953125,34502.51171875
182,2021-07-01,4319.93994140625,14522.3798828125,34633.53125
183,2021-07-02,4352.33984375,14639.330078125,34786.3515625
184,2021-07-03,4352.33984375,14639.330078125,34786.3515625
185,2021-07-04,4352.33984375,14639.330078125,34786.3515625
186,2021-07-05,4352.33984375,14639.330078125,34786.3515625
187,2021-07-06,4343.5400390625,14663.6396484375,34577.37109375
188,2021-07-07,4358.1298828125,14665.0595703125,34681.7890625
189,2021-07-08,4320.81982421875,14559.7802734375,34421.9296875
190,2021-07-09,4369.5498046875,14701.919921875,34870.16015625
191,2021-07-10,4369.5498046875,14701.919921875,34870.16015625
192,2021-07-11,4369.5498046875,14701.919921875,34870.16015625
193,2021-07-12,4384.6298828125,14733.240234375,34996.1796875
194,2021-07-13,4369.2099609375,14677.650390625,34888.7890625
195,2021-07-14,4374.2998046875,14644.9501953125,34933.23046875
196,2021-07-15,4360.02978515625,14543.1298828125,34987.01953125
197,2021-07-16,4327.16015625,14427.240234375,34687.8515625
198,2021-07-17,4327.16015625,14427.240234375,34687.8515625
199,2021-07-18,4327.16015625,14427.240234375,34687.8515625
200,2021-07-19,4258.490234375,14274.98046875,33962.0390625
201,2021-07-20,4323.06005859375,14498.8798828125,34511.98828125
202,2021-07-21,4358.68994140625,14631.9501953125,34798.0
203,2021-07-22,4367.47998046875,14684.599609375,34823.3515625
204,2021-07-23,4411.7900390625,14836.990234375,35061.55078125
205,2021-07-24,4411.7900390625,14836.990234375,35061.55078125
206,2021-07-25,4411.7900390625,14836.990234375,35061.55078125
207,2021-07-26,4422.2998046875,14840.7099609375,35144.30859375
208,2021-07-27,4401.4599609375,14660.580078125,35058.51953125
209,2021-07-28,4400.64013671875,14762.580078125,34930.9296875
210,2021-07-29,4419.14990234375,14778.259765625,35084.53125
211,2021-07-30,4395.259765625,14672.6796875,34935.46875
212,2021-07-31,4395.259765625,14672.6796875,34935.46875
213,2021-08-01,4395.259765625,14672.6796875,34935.46875
214,2021-08-02,4387.16015625,14681.0703125,34838.16015625
215,2021-08-03,4423.14990234375,14761.2900390625,35116.3984375
216,2021-08-04,4402.66015625,14780.5302734375,34792.671875
217,2021-08-05,4429.10009765625,14895.1201171875,35064.25
218,2021-08-06,4436.52001953125,14835.759765625,35208.51171875
219,2021-08-07,4436.52001953125,14835.759765625,35208.51171875
220,2021-08-08,4436.52001953125,14835.759765625,35208.51171875
221,2021-08-09,4432.35009765625,14860.1796875,35101.8515625
222,2021-08-10,4436.75,14788.08984375,35264.671875
223,2021-08-11,4442.41015625,14765.1396484375,35484.96875
224,2021-08-12,4460.830078125,14816.259765625,35499.8515625
225,2021-08-13,4468.0,14822.900390625,35515.37890625
226,2021-08-14,4468.0,14822.900390625,35515.37890625
227,2021-08-15,4468.0,14822.900390625,35515.37890625
228,2021-08-16,4479.7099609375,14793.759765625,35625.3984375
229,2021-08-17,4448.080078125,14656.1796875,35343.28125
230,2021-08-18,4400.27001953125,14525.91015625,34960.69140625
231,2021-08-19,4405.7998046875,14541.7900390625,34894.12109375
232,2021-08-20,4441.669921875,14714.66015625,35120.078125
233,2021-08-21,4441.669921875,14714.66015625,35120.078125
234,2021-08-22,4441.669921875,14714.66015625,35120.078125
235,2021-08-23,4479.52978515625,14942.650390625,35335.7109375
236,2021-08-24,4486.22998046875,15019.7998046875,35366.26171875
237,2021-08-25,4496.18994140625,15041.8603515625,35405.5
238,2021-08-26,4470.0,14945.8095703125,35213.12109375
239,2021-08-27,4509.3701171875,15129.5,35455.80078125
240,2021-08-28,4509.3701171875,15129.5,35455.80078125
241,2021-08-29,4509.3701171875,15129.5,35455.80078125
242,2021-08-30,4528.7900390625,15265.8896484375,35399.83984375
243,2021-08-31,4522.68017578125,15259.240234375,35360.73046875
244,2021-09-01,4524.08984375,15309.3798828125,35312.53125
245,2021-09-02,4536.9501953125,15331.1796875,35443.8203125
246,2021-09-03,4535.43017578125,15363.51953125,35369.08984375
247,2021-09-04,4535.43017578125,15363.51953125,35369.08984375
248,2021-09-05,4535.43017578125,15363.51953125,35369.08984375
249,2021-09-06,4535.43017578125,15363.51953125,35369.08984375
250,2021-09-07,4520.02978515625,15374.330078125,35100.0
251,2021-09-08,4514.06982421875,15286.6396484375,35031.0703125
252,2021-09-09,4493.27978515625,15248.25,34879.37890625
253,2021-09-10,4458.580078125,15115.490234375,34607.71875
254,2021-09-11,4458.580078125,15115.490234375,34607.71875
255,2021-09-12,4458.580078125,15115.490234375,34607.71875
256,2021-09-13,4468.72998046875,15105.580078125,34869.62890625
257,2021-09-14,4443.0498046875,15037.759765625,34577.5703125
258,2021-09-15,4480.7001953125,15161.5302734375,34814.390625
259,2021-09-16,4473.75,15181.919921875,34751.3203125
260,2021-09-17,4432.990234375,15043.9697265625,34584.87890625
261,2021-09-18,4432.990234375,15043.9697265625,34584.87890625
262,2021-09-19,4432.990234375,15043.9697265625,34584.87890625
263,2021-09-20,4357.72998046875,14713.900390625,33970.46875
264,2021-09-21,4354.18994140625,14746.400390625,33919.83984375
265,2021-09-22,4395.64013671875,14896.849609375,34258.3203125
266,2021-09-23,4448.97998046875,15052.240234375,34764.8203125
267,2021-09-24,4455.47998046875,15047.7001953125,34798.0
268,2021-09-25,4455.47998046875,15047.7001953125,34798.0
269,2021-09-26,4455.47998046875,15047.7001953125,34798.0
270,2021-09-27,4443.10986328125,14969.9697265625,34869.37109375
271,2021-09-28,4352.6298828125,14546.6796875,34299.98828125
272,2021-09-29,4359.4599609375,14512.4404296875,34390.71875
273,2021-09-30,4307.5400390625,14448.580078125,33843.921875
274,2021-10-01,4357.0400390625,14566.7001953125,34326.4609375
275,2021-10-02,4357.0400390625,14566.7001953125,34326.4609375
276,2021-10-03,4357.0400390625,14566.7001953125,34326.4609375
277,2021-10-04,4300.4599609375,14255.48046875,34002.921875
278,2021-10-05,4345.72021484375,14433.830078125,34314.671875
279,2021-10-06,4363.5498046875,14501.91015625,34416.98828125
280,2021-10-07,4399.759765625,14654.01953125,34754.94140625
281,2021-10-08,4391.33984375,14579.5400390625,34746.25
282,2021-10-09,4391.33984375,14579.5400390625,34746.25
283,2021-10-10,4391.33984375,14579.5400390625,34746.25
284,2021-10-11,4361.18994140625,14486.2001953125,34496.05859375
285,2021-10-12,4350.64990234375,14465.919921875,34378.33984375
286,2021-10-13,4363.7998046875,14571.6396484375,34377.80859375
287,2021-10-14,4438.259765625,14823.4296875,34912.55859375
288,2021-10-15,4471.3701171875,14897.33984375,35294.76171875
289,2021-10-16,4471.3701171875,14897.33984375,35294.76171875
290,2021-10-17,4471.3701171875,14897.33984375,35294.76171875
291,2021-10-18,4486.4599609375,15021.8095703125,35258.609375
292,2021-10-19,4519.6298828125,15129.08984375,35457.30859375
293,2021-10-20,4536.18994140625,15121.6796875,35609.33984375
294,2021-10-21,4549.77978515625,15215.7001953125,35603.078125
295,2021-10-22,4544.89990234375,15090.2001953125,35677.01953125
296,2021-10-23,4544.89990234375,15090.2001953125,35677.01953125
297,2021-10-24,4544.89990234375,15090.2001953125,35677.01953125
298,2021-10-25,4566.47998046875,15226.7099609375,35741.1484375
299,2021-10-26,4574.7900390625,15235.7099609375,35756.87890625
300,2021-10-27,4551.68017578125,15235.83984375,35490.69140625
301,2021-10-28,4596.419921875,15448.1201171875,35730.48046875
302,2021-10-29,4605.3798828125,15498.3896484375,35819.55859375
303,2021-10-30,4605.3798828125,15498.3896484375,35819.55859375
304,2021-10-31,4605.3798828125,15498.3896484375,35819.55859375
305,2021-11-01,4613.669921875,15595.919921875,35913.83984375
306,2021-11-02,4630.64990234375,15649.599609375,36052.62890625
307,2021-11-03,4660.56982421875,15811.580078125,36157.578125
308,2021-11-04,4680.06005859375,15940.3095703125,36124.23046875
309,2021-11-05,4697.52978515625,15971.58984375,36327.94921875
310,2021-11-06,4697.52978515625,15971.58984375,36327.94921875
311,2021-11-07,4697.52978515625,15971.58984375,36327.94921875
312,2021-11-08,4701.7001953125,15982.3603515625,36432.21875
313,2021-11-09,4685.25,15886.5400390625,36319.98046875
314,2021-11-10,4646.7099609375,15622.7099609375,36079.94140625
315,2021-11-11,4649.27001953125,15704.2802734375,35921.23046875
316,2021-11-12,4682.85009765625,15860.9599609375,36100.30859375
317,2021-11-13,4682.85009765625,15860.9599609375,36100.30859375
318,2021-11-14,4682.85009765625,15860.9599609375,36100.30859375
319,2021-11-15,4682.7998046875,15853.849609375,36087.44921875
320,2021-11-16,4700.89990234375,15973.8603515625,36142.21875
321,2021-11-17,4688.669921875,15921.5703125,35931.05078125
322,2021-11-18,4704.5400390625,15993.7099609375,35870.94921875
323,2021-11-19,4697.9599609375,16057.4404296875,35601.98046875
324,2021-11-20,4697.9599609375,16057.4404296875,35601.98046875
325,2021-11-21,4697.9599609375,16057.4404296875,35601.98046875
326,2021-11-22,4682.93994140625,15854.759765625,35619.25
327,2021-11-23,4690.7001953125,15775.1396484375,35813.80078125
328,2021-11-24,4701.4599609375,15845.23046875,35804.37890625
329,2021-11-25,4701.4599609375,15845.23046875,35804.37890625
330,2021-11-26,4594.6201171875,15491.66015625,34899.33984375
331,2021-11-27,4594.6201171875,15491.66015625,34899.33984375
332,2021-11-28,4594.6201171875,15491.66015625,34899.33984375
333,2021-11-29,4655.27001953125,15782.830078125,35135.94140625
334,2021-11-30,4567.0,15537.6904296875,34483.71875
335,2021-12-01,4513.0400390625,15254.0498046875,34022.0390625
336,2021-12-02,4577.10009765625,15381.3203125,34639.7890625
337,2021-12-03,4538.43017578125,15085.4697265625,34580.078125
338,2021-12-04,4538.43017578125,15085.4697265625,34580.078125
339,2021-12-05,4538.43017578125,15085.4697265625,34580.078125
340,2021-12-06,4591.669921875,15225.150390625,35227.03125
341,2021-12-07,4686.75,15686.919921875,35719.4296875
342,2021-12-08,4701.2099609375,15786.990234375,35754.75
343,2021-12-09,4667.4501953125,15517.3701171875,35754.69140625
344,2021-12-10,4712.02001953125,15630.599609375,35970.98828125
345,2021-12-11,4712.02001953125,15630.599609375,35970.98828125
346,2021-12-12,4712.02001953125,15630.599609375,35970.98828125
347,2021-12-13,4668.97021484375,15413.2802734375,35650.94921875
348,2021-12-14,4634.08984375,15237.6396484375,35544.1796875
349,2021-12-15,4709.85009765625,15565.580078125,35927.4296875
350,2021-12-16,4668.669921875,15180.4296875,35897.640625
351,2021-12-17,4620.64013671875,15169.6796875,35365.44140625
352,2021-12-18,4620.64013671875,15169.6796875,35365.44140625
353,2021-12-19,4620.64013671875,15169.6796875,35365.44140625
354,2021-12-20,4568.02001953125,14980.9404296875,34932.16015625
355,2021-12-21,4649.22998046875,15341.08984375,35492.69921875
356,2021-12-22,4696.56005859375,15521.8896484375,35753.890625
357,2021-12-23,4725.7900390625,15653.3701171875,35950.55859375
358,2021-12-24,4725.7900390625,15653.3701171875,35950.55859375
359,2021-12-25,4725.7900390625,15653.3701171875,35950.55859375
360,2021-12-26,4725.7900390625,15653.3701171875,35950.55859375
361,2021-12-27,4791.18994140625,15871.259765625,36302.37890625
362,2021-12-28,4786.35009765625,15781.7197265625,36398.2109375
363,2021-12-29,4793.06005859375,15766.2197265625,36488.62890625
364,2021-12-30,4778.72998046875,15741.5595703125,36398.078125
365,2021-12-31,4766.18017578125,15644.9697265625,36338.30078125
366,2022-01-01,4766.18017578125,15644.9697265625,36338.30078125
367,2022-01-02,4766.18017578125,15644.9697265625,36338.30078125
368,2022-01-03,4796.56005859375,15832.7998046875,36585.05859375
369,2022-01-04,4793.5400390625,15622.7197265625,36799.6484375
370,2022-01-05,4700.580078125,15100.169921875,36407.109375
371,2022-01-06,4696.0498046875,15080.8603515625,36236.46875
372,2022-01-07,4677.02978515625,14935.900390625,36231.66015625
373,2022-01-08,4677.02978515625,14935.900390625,36231.66015625
374,2022-01-09,4677.02978515625,14935.900390625,36231.66015625
375,2022-01-10,4670.2900390625,14942.830078125,36068.87109375
376,2022-01-11,4713.06982421875,15153.4501953125,36252.01953125
377,2022-01-12,4726.35009765625,15188.3896484375,36290.3203125
378,2022-01-13,4659.02978515625,14806.8095703125,36113.62109375
379,2022-01-14,4662.85009765625,14893.75,35911.80859375
380,2022-01-15,4662.85009765625,14893.75,35911.80859375
381,2022-01-16,4662.85009765625,14893.75,35911.80859375
382,2022-01-17,4662.85009765625,14893.75,35911.80859375
383,2022-01-18,4577.10986328125,14506.900390625,35368.46875
384,2022-01-19,4532.759765625,14340.259765625,35028.6484375
385,2022-01-20,4482.72998046875,14154.01953125,34715.390625
386,2022-01-21,4397.93994140625,13768.919921875,34265.37109375
387,2022-01-22,4397.93994140625,13768.919921875,34265.37109375
388,2022-01-23,4397.93994140625,13768.919921875,34265.37109375
389,2022-01-24,4410.1298828125,13855.1298828125,34364.5
390,2022-01-25,4356.4501953125,13539.2900390625,34297.73046875
391,2022-01-26,4349.93017578125,13542.1201171875,34168.08984375
392,2022-01-27,4326.509765625,13352.7802734375,34160.78125
393,2022-01-28,4431.85009765625,13770.5703125,34725.46875
394,2022-01-29,4431.85009765625,13770.5703125,34725.46875
395,2022-01-30,4431.85009765625,13770.5703125,34725.46875
396,2022-01-31,4515.5498046875,14239.8798828125,35131.859375
397,2022-02-01,4546.5400390625,14346.0,35405.23828125
398,2022-02-02,4589.3798828125,14417.5498046875,35629.328125
399,2022-02-03,4477.43994140625,13878.8203125,35111.16015625
400,2022-02-04,4500.52978515625,14098.009765625,35089.73828125
401,2022-02-05,4500.52978515625,14098.009765625,35089.73828125
402,2022-02-06,4500.52978515625,14098.009765625,35089.73828125
403,2022-02-07,4483.8701171875,14015.669921875,35091.12890625
404,2022-02-08,4521.5400390625,14194.4501953125,35462.78125
405,2022-02-09,4587.18017578125,14490.3701171875,35768.05859375
406,2022-02-10,4504.080078125,14185.6396484375,35241.58984375
407,2022-02-11,4418.64013671875,13791.150390625,34738.05859375
408,2022-02-12,4418.64013671875,13791.150390625,34738.05859375
409,2022-02-13,4418.64013671875,13791.150390625,34738.05859375
410,2022-02-14,4401.669921875,13790.919921875,34566.171875
411,2022-02-15,4471.06982421875,14139.759765625,34988.83984375
412,2022-02-16,4475.009765625,14124.08984375,34934.26953125
413,2022-02-17,4380.259765625,13716.7197265625,34312.03125
414,2022-02-18,4348.8701171875,13548.0703125,34079.1796875
415,2022-02-19,4348.8701171875,13548.0703125,34079.1796875
416,2022-02-20,4348.8701171875,13548.0703125,34079.1796875
417,2022-02-21,4348.8701171875,13548.0703125,34079.1796875
418,2022-02-22,4304.759765625,13381.51953125,33596.609375
419,2022-02-23,4225.5,13037.490234375,33131.76171875
420,2022-02-24,4288.7001953125,13473.58984375,33223.828125
421,2022-02-25,4384.64990234375,13694.6201171875,34058.75
422,2022-02-26,4384.64990234375,13694.6201171875,34058.75
423,2022-02-27,4384.64990234375,13694.6201171875,34058.75
424,2022-02-28,4373.93994140625,13751.400390625,33892.6015625
425,2022-03-01,4306.259765625,13532.4599609375,33294.94921875
426,2022-03-02,4386.5400390625,13752.01953125,33891.3515625
427,2022-03-03,4363.490234375,13537.9404296875,33794.66015625
428,2022-03-04,4328.8701171875,13313.4404296875,33614.80078125
429,2022-03-05,4328.8701171875,13313.4404296875,33614.80078125
430,2022-03-06,4328.8701171875,13313.4404296875,33614.80078125
431,2022-03-07,4201.08984375,12830.9599609375,32817.37890625
432,2022-03-08,4170.7001953125,12795.5498046875,32632.640625
433,2022-03-09,4277.8798828125,13255.5498046875,33286.25
434,2022-03-10,4259.52001953125,13129.9599609375,33174.0703125
435,2022-03-11,4204.31005859375,12843.8095703125,32944.19140625
436,2022-03-12,4204.31005859375,12843.8095703125,32944.19140625
437,2022-03-13,4204.31005859375,12843.8095703125,32944.19140625
438,2022-03-14,4173.10986328125,12581.2197265625,32945.23828125
439,2022-03-15,4262.4501953125,12948.6201171875,33544.33984375
440,2022-03-16,4357.85986328125,13436.5498046875,34063.1015625
441,2022-03-17,4411.669921875,13614.7802734375,34480.76171875
442,2022-03-18,4463.1201171875,13893.83984375,34754.9296875
443,2022-03-19,4463.1201171875,13893.83984375,34754.9296875
444,2022-03-20,4463.1201171875,13893.83984375,34754.9296875
445,2022-03-21,4461.18017578125,13838.4599609375,34552.98828125
446,2022-03-22,4511.60986328125,14108.8203125,34807.4609375
447,2022-03-23,4456.240234375,13922.599609375,34358.5
448,2022-03-24,4520.16015625,14191.83984375,34707.94140625
449,2022-03-25,4543.06005859375,14169.2998046875,34861.23828125
450,2022-03-26,4543.06005859375,14169.2998046875,34861.23828125
451,2022-03-27,4543.06005859375,14169.2998046875,34861.23828125
452,2022-03-28,4575.52001953125,14354.900390625,34955.890625
453,2022-03-29,4631.60009765625,14619.6396484375,35294.19140625
454,2022-03-30,4602.4501953125,14442.26953125,35228.80859375
455,2022-03-31,4530.41015625,14220.51953125,34678.3515625
456,2022-04-01,4545.85986328125,14261.5,34818.26953125
457,2022-04-02,4545.85986328125,14261.5,34818.26953125
458,2022-04-03,4545.85986328125,14261.5,34818.26953125
459,2022-04-04,4582.64013671875,14532.5498046875,34921.87890625
460,2022-04-05,4525.1201171875,14204.169921875,34641.1796875
461,2022-04-06,4481.14990234375,13888.8203125,34496.51171875
462,2022-04-07,4500.2099609375,13897.2998046875,34583.5703125
463,2022-04-08,4488.27978515625,13711.0,34721.12109375
464,2022-04-09,4488.27978515625,13711.0,34721.12109375
465,2022-04-10,4488.27978515625,13711.0,34721.12109375
466,2022-04-11,4412.52978515625,13411.9599609375,34308.078125
467,2022-04-12,4397.4501953125,13371.5703125,34220.359375
468,2022-04-13,4446.58984375,13643.58984375,34564.58984375
469,2022-04-14,4392.58984375,13351.080078125,34451.23046875
470,2022-04-15,4392.58984375,13351.080078125,34451.23046875
471,2022-04-16,4392.58984375,13351.080078125,34451.23046875
472,2022-04-17,4392.58984375,13351.080078125,34451.23046875
473,2022-04-18,4391.68994140625,13332.3603515625,34411.69140625
474,2022-04-19,4462.2099609375,13619.66015625,34911.19921875
475,2022-04-20,4459.4501953125,13453.0703125,35160.7890625
476,2022-04-21,4393.66015625,13174.650390625,34792.76171875
477,2022-04-22,4271.77978515625,12839.2900390625,33811.3984375
478,2022-04-23,4271.77978515625,12839.2900390625,33811.3984375
479,2022-04-24,4271.77978515625,12839.2900390625,33811.3984375
480,2022-04-25,4296.1201171875,13004.849609375,34049.4609375
481,2022-04-26,4175.2001953125,12490.740234375,33240.1796875
482,2022-04-27,4183.9599609375,12488.9296875,33301.9296875
483,2022-04-28,4287.5,12871.5302734375,33916.390625
484,2022-04-29,4131.93017578125,12334.6396484375,32977.2109375
485,2022-04-30,4131.93017578125,12334.6396484375,32977.2109375
486,2022-05-01,4131.93017578125,12334.6396484375,32977.2109375
487,2022-05-02,4155.3798828125,12536.01953125,33061.5
488,2022-05-03,4175.47998046875,12563.759765625,33128.7890625
489,2022-05-04,4300.169921875,12964.8603515625,34061.05859375
490,2022-05-05,4146.8701171875,12317.6904296875,32997.96875
491,2022-05-06,4123.33984375,12144.66015625,32899.37109375
492,2022-05-07,4123.33984375,12144.66015625,32899.37109375
493,2022-05-08,4123.33984375,12144.66015625,32899.37109375
494,2022-05-09,3991.239990234375,11623.25,32245.69921875
495,2022-05-10,4001.050048828125,11737.669921875,32160.740234375
496,2022-05-11,3935.179931640625,11364.240234375,31834.109375
497,2022-05-12,3930.080078125,11370.9599609375,31730.30078125
498,2022-05-13,4023.889892578125,11805.0,32196.66015625
499,2022-05-14,4023.889892578125,11805.0,32196.66015625
500,2022-05-15,4023.889892578125,11805.0,32196.66015625
501,2022-05-16,4008.010009765625,11662.7900390625,32223.419921875
502,2022-05-17,4088.85009765625,11984.51953125,32654.58984375
503,2022-05-18,3923.679931640625,11418.150390625,31490.0703125
504,2022-05-19,3900.7900390625,11388.5,31253.130859375
505,2022-05-20,3901.360107421875,11354.6201171875,31261.900390625
506,2022-05-21,3901.360107421875,11354.6201171875,31261.900390625
507,2022-05-22,3901.360107421875,11354.6201171875,31261.900390625
508,2022-05-23,3973.75,11535.26953125,31880.240234375
509,2022-05-24,3941.47998046875,11264.4501953125,31928.619140625
510,2022-05-25,3978.72998046875,11434.740234375,32120.279296875
511,2022-05-26,4057.840087890625,11740.650390625,32637.189453125
512,2022-05-27,4158.240234375,12131.1298828125,33212.9609375
513,2022-05-28,4158.240234375,12131.1298828125,33212.9609375
514,2022-05-29,4158.240234375,12131.1298828125,33212.9609375
515,2022-05-30,4158.240234375,12131.1298828125,33212.9609375
516,2022-05-31,4132.14990234375,12081.3896484375,32990.12109375
517,2022-06-01,4101.22998046875,11994.4599609375,32813.23046875
518,2022-06-02,4176.81982421875,12316.900390625,33248.28125
519,2022-06-03,4108.5400390625,12012.73046875,32899.69921875
520,2022-06-04,4108.5400390625,12012.73046875,32899.69921875
521,2022-06-05,4108.5400390625,12012.73046875,32899.69921875
522,2022-06-06,4121.43017578125,12061.3701171875,32915.78125
523,2022-06-07,4160.68017578125,12175.23046875,33180.140625
524,2022-06-08,4115.77001953125,12086.26953125,32910.8984375
525,2022-06-09,4017.820068359375,11754.23046875,32272.7890625
526,2022-06-10,3900.860107421875,11340.01953125,31392.7890625
527,2022-06-11,3900.860107421875,11340.01953125,31392.7890625
528,2022-06-12,3900.860107421875,11340.01953125,31392.7890625
529,2022-06-13,3749.6298828125,10809.23046875,30516.740234375
530,2022-06-14,3735.47998046875,10828.349609375,30364.830078125
531,2022-06-15,3789.989990234375,11099.150390625,30668.529296875
532,2022-06-16,3666.77001953125,10646.099609375,29927.0703125
533,2022-06-17,3674.840087890625,10798.349609375,29888.779296875
534,2022-06-18,3674.840087890625,10798.349609375,29888.779296875
535,2022-06-19,3674.840087890625,10798.349609375,29888.779296875
536,2022-06-20,3674.840087890625,10798.349609375,29888.779296875
537,2022-06-21,3764.7900390625,11069.2998046875,30530.25
538,2022-06-22,3759.889892578125,11053.080078125,30483.130859375
539,2022-06-23,3795.72998046875,11232.1904296875,30677.359375
540,2022-06-24,3911.739990234375,11607.6201171875,31500.6796875
541,2022-06-25,3911.739990234375,11607.6201171875,31500.6796875
542,2022-06-26,3911.739990234375,11607.6201171875,31500.6796875
543,2022-06-27,3900.110107421875,11524.5498046875,31438.259765625
544,2022-06-28,3821.550048828125,11181.5400390625,30946.990234375
545,2022-06-29,3818.830078125,11177.8896484375,31029.310546875
546,2022-06-30,3785.3798828125,11028.740234375,30775.4296875
547,2022-07-01,3825.330078125,11127.849609375,31097.259765625
548,2022-07-02,3825.330078125,11127.849609375,31097.259765625
549,2022-07-03,3825.330078125,11127.849609375,31097.259765625
550,2022-07-04,3825.330078125,11127.849609375,31097.259765625
551,2022-07-05,3831.389892578125,11322.240234375,30967.8203125
552,2022-07-06,3845.080078125,11361.849609375,31037.6796875
553,2022-07-07,3902.6201171875,11621.349609375,31384.55078125
554,2022-07-08,3899.3798828125,11635.3095703125,31338.150390625
555,2022-07-09,3899.3798828125,11635.3095703125,31338.150390625
556,2022-07-10,3899.3798828125,11635.3095703125,31338.150390625
557,2022-07-11,3854.429931640625,11372.599609375,31173.83984375
558,2022-07-12,3818.800048828125,11264.73046875,30981.330078125
559,2022-07-13,3801.780029296875,11247.580078125,30772.7890625
560,2022-07-14,3790.3798828125,11251.1904296875,30630.169921875
561,2022-07-15,3863.159912109375,11452.419921875,31288.259765625
562,2022-07-16,3863.159912109375,11452.419921875,31288.259765625
563,2022-07-17,3863.159912109375,11452.419921875,31288.259765625
564,2022-07-18,3830.85009765625,11360.0498046875,31072.609375
565,2022-07-19,3936.68994140625,11713.150390625,31827.05078125
566,2022-07-20,3959.89990234375,11897.650390625,31874.83984375
567,2022-07-21,3998.949951171875,12059.6103515625,32036.900390625
568,2022-07-22,3961.6298828125,11834.1103515625,31899.2890625
569,2022-07-23,3961.6298828125,11834.1103515625,31899.2890625
570,2022-07-24,3961.6298828125,11834.1103515625,31899.2890625
571,2022-07-25,3966.840087890625,11782.669921875,31990.0390625
572,2022-07-26,3921.050048828125,11562.5703125,31761.5390625
573,2022-07-27,4023.610107421875,12032.419921875,32197.58984375
574,2022-07-28,4072.429931640625,12162.58984375,32529.630859375
575,2022-07-29,4130.2900390625,12390.6904296875,32845.12890625
576,2022-07-30,4130.2900390625,12390.6904296875,32845.12890625
577,2022-07-31,4130.2900390625,12390.6904296875,32845.12890625
578,2022-08-01,4118.6298828125,12368.98046875,32798.3984375
579,2022-08-02,4091.18994140625,12348.759765625,32396.169921875
580,2022-08-03,4155.169921875,12668.16015625,32812.5
581,2022-08-04,4151.93994140625,12720.580078125,32726.8203125
582,2022-08-05,4145.18994140625,12657.5498046875,32803.46875
583,2022-08-06,4145.18994140625,12657.5498046875,32803.46875
584,2022-08-07,4145.18994140625,12657.5498046875,32803.46875
585,2022-08-08,4140.06005859375,12644.4599609375,32832.5390625
586,2022-08-09,4122.47021484375,12493.9296875,32774.41015625
587,2022-08-10,4210.240234375,12854.7998046875,33309.51171875
588,2022-08-11,4207.27001953125,12779.91015625,33336.671875
589,2022-08-12,4280.14990234375,13047.1904296875,33761.05078125
590,2022-08-13,4280.14990234375,13047.1904296875,33761.05078125
591,2022-08-14,4280.14990234375,13047.1904296875,33761.05078125
592,2022-08-15,4297.14013671875,13128.0498046875,33912.44140625
593,2022-08-16,4305.2001953125,13102.5498046875,34152.01171875
594,2022-08-17,4274.0400390625,12938.1201171875,33980.3203125
595,2022-08-18,4283.740234375,12965.33984375,33999.0390625
596,2022-08-19,4228.47998046875,12705.2197265625,33706.73828125
597,2022-08-20,4228.47998046875,12705.2197265625,33706.73828125
598,2022-08-21,4228.47998046875,12705.2197265625,33706.73828125
599,2022-08-22,4137.990234375,12381.5703125,33063.609375
600,2022-08-23,4128.72998046875,12381.2998046875,32909.58984375
601,2022-08-24,4140.77001953125,12431.5302734375,32969.23046875
602,2022-08-25,4199.1201171875,12639.26953125,33291.78125
603,2022-08-26,4057.659912109375,12141.7099609375,32283.400390625
604,2022-08-27,4057.659912109375,12141.7099609375,32283.400390625
605,2022-08-28,4057.659912109375,12141.7099609375,32283.400390625
606,2022-08-29,4030.610107421875,12017.669921875,32098.990234375
607,2022-08-30,3986.159912109375,11883.1396484375,31790.869140625
608,2022-08-31,3986.159912109375,11883.1396484375,31790.869140625
