,date,comment_count,submission_count,sp500,nasdaq,dj
0,2021-01-01,27996,592,3756.070068359375,12888.2802734375,30606.48046875
1,2021-01-02,29582,626,3756.070068359375,12888.2802734375,30606.48046875
2,2021-01-03,29795,613,3756.070068359375,12888.2802734375,30606.48046875
3,2021-01-04,59719,1032,3700.64990234375,12698.4501953125,30223.890625
4,2021-01-05,55138,965,3726.860107421875,12818.9599609375,30391.599609375
5,2021-01-06,90415,1230,3748.139892578125,12740.7900390625,30829.400390625
6,2021-01-07,76756,1399,3803.7900390625,13067.48046875,31041.130859375
7,2021-01-08,80509,1552,3824.679931640625,13201.98046875,31097.970703125
8,2021-01-09,42288,912,3824.679931640625,13201.98046875,31097.970703125
9,2021-01-10,41615,684,3824.679931640625,13201.98046875,31097.970703125
10,2021-01-11,80491,1319,3799.610107421875,13036.4296875,31008.689453125
11,2021-01-12,72644,1236,3801.18994140625,13072.4296875,31068.689453125
12,2021-01-13,100212,2429,3809.840087890625,13128.9501953125,31060.470703125
13,2021-01-14,121943,3147,3795.5400390625,13112.6396484375,30991.51953125
14,2021-01-15,141355,3599,3768.25,12998.5,30814.259765625
15,2021-01-16,49515,1364,3768.25,12998.5,30814.259765625
16,2021-01-17,40843,1033,3768.25,12998.5,30814.259765625
17,2021-01-18,62116,1504,3768.25,12998.5,30814.259765625
18,2021-01-19,139935,3136,3798.909912109375,13197.1796875,30930.51953125
19,2021-01-20,126574,3015,3851.85009765625,13457.25,31188.380859375
20,2021-01-21,151409,3149,3853.070068359375,13530.91015625,31176.009765625
21,2021-01-22,259868,6387,3841.469970703125,13543.0595703125,30996.98046875
22,2021-01-23,100624,3594,3841.469970703125,13543.0595703125,30996.98046875
23,2021-01-24,77167,2716,3841.469970703125,13543.0595703125,30996.98046875
24,2021-01-25,414456,14317,3855.360107421875,13635.990234375,30960.0
25,2021-01-26,570641,21689,3849.6201171875,13626.0595703125,30937.0390625
26,2021-01-27,1237142,69091,3750.77001953125,13270.599609375,30303.169921875
27,2021-01-28,1646833,167310,3787.3798828125,13337.16015625,30603.359375
28,2021-01-29,1266628,115722,3714.239990234375,13070.6904296875,29982.619140625
29,2021-01-30,492298,56518,3714.239990234375,13070.6904296875,29982.619140625
30,2021-01-31,436678,46406,3714.239990234375,13070.6904296875,29982.619140625
31,2021-02-01,893967,76871,3773.860107421875,13403.3896484375,30211.91015625
32,2021-02-02,832481,72331,3826.31005859375,13612.7802734375,30687.48046875
33,2021-02-03,537687,36494,3830.169921875,13610.5400390625,30723.599609375
34,2021-02-04,532115,32282,3871.739990234375,13777.740234375,31055.859375
35,2021-02-05,441780,25639,3886.830078125,13856.2998046875,31148.240234375
36,2021-02-06,162510,9087,3886.830078125,13856.2998046875,31148.240234375
37,2021-02-07,104710,6878,3886.830078125,13856.2998046875,31148.240234375
38,2021-02-08,156795,10043,3915.590087890625,13987.6396484375,31385.759765625
39,2021-02-09,194675,10762,3911.22998046875,14007.7001953125,31375.830078125
40,2021-02-10,235751,13323,3909.8798828125,13972.5302734375,31437.80078125
41,2021-02-11,249535,13726,3916.3798828125,14025.76953125,31430.69921875
42,2021-02-12,152625,8658,3934.830078125,14095.4697265625,31458.400390625
43,2021-02-13,67514,3986,3934.830078125,14095.4697265625,31458.400390625
44,2021-02-14,51609,2989,3934.830078125,14095.4697265625,31458.400390625
45,2021-02-15,58056,3192,3934.830078125,14095.4697265625,31458.400390625
46,2021-02-16,106527,5417,3932.590087890625,14047.5,31522.75
47,2021-02-17,101367,4995,3931.330078125,13965.490234375,31613.01953125
48,2021-02-18,232388,6541,3913.969970703125,13865.3603515625,31493.33984375
49,2021-02-19,133211,5055,3906.7099609375,13874.4599609375,31494.3203125
50,2021-02-20,72990,2953,3906.7099609375,13874.4599609375,31494.3203125
51,2021-02-21,63318,2370,3906.7099609375,13874.4599609375,31494.3203125
52,2021-02-22,125492,3954,3876.5,13533.0498046875,31521.689453125
53,2021-02-23,132619,4193,3881.3701171875,13465.2001953125,31537.349609375
54,2021-02-24,218738,7647,3925.429931640625,13597.9697265625,31961.859375
55,2021-02-25,407653,15527,3829.340087890625,13119.4296875,31402.009765625
56,2021-02-26,296221,8897,3811.14990234375,13192.349609375,30932.369140625
57,2021-02-27,82893,3690,3811.14990234375,13192.349609375,30932.369140625
58,2021-02-28,67558,2915,3811.14990234375,13192.349609375,30932.369140625
59,2021-03-01,158786,5064,3901.820068359375,13588.830078125,31535.509765625
60,2021-03-02,205206,6542,3870.2900390625,13358.7900390625,31391.51953125
61,2021-03-03,231365,7299,3819.719970703125,12997.75,31270.08984375
62,2021-03-04,187307,6079,3768.469970703125,12723.4697265625,30924.140625
63,2021-03-05,171351,5429,3841.93994140625,12920.150390625,31496.30078125
64,2021-03-06,60618,2531,3841.93994140625,12920.150390625,31496.30078125
65,2021-03-07,70609,2111,3841.93994140625,12920.150390625,31496.30078125
66,2021-03-08,189135,4947,3821.35009765625,12609.16015625,31802.439453125
67,2021-03-09,199157,6903,3875.43994140625,13073.8203125,31832.740234375
68,2021-03-10,348478,12103,3898.81005859375,13068.830078125,32297.01953125
69,2021-03-11,192079,6644,3939.340087890625,13398.669921875,32485.58984375
70,2021-03-12,174143,5268,3943.340087890625,13319.8603515625,32778.640625
71,2021-03-13,58737,2799,3943.340087890625,13319.8603515625,32778.640625
72,2021-03-14,61389,3975,3943.340087890625,13319.8603515625,32778.640625
73,2021-03-15,147364,4225,3968.93994140625,13459.7099609375,32953.4609375
74,2021-03-16,152119,4796,3962.7099609375,13471.5703125,32825.94921875
75,2021-03-17,139138,3959,3974.1201171875,13525.2001953125,33015.37109375
76,2021-03-18,143360,3689,3915.4599609375,13116.169921875,32862.30078125
77,2021-03-19,154213,3691,3913.10009765625,13215.240234375,32627.970703125
78,2021-03-20,45088,1931,3913.10009765625,13215.240234375,32627.970703125
79,2021-03-21,40196,1528,3913.10009765625,13215.240234375,32627.970703125
80,2021-03-22,93472,2549,3940.590087890625,13377.5400390625,32731.19921875
81,2021-03-23,148318,3080,3910.52001953125,13227.7001953125,32423.150390625
82,2021-03-24,167206,3531,3889.139892578125,12961.8896484375,32420.060546875
83,2021-03-25,157255,3529,3909.52001953125,12977.6796875,32619.48046875
84,2021-03-26,132574,3025,3974.5400390625,13138.73046875,33072.87890625
85,2021-03-27,43840,1556,3974.5400390625,13138.73046875,33072.87890625
86,2021-03-28,35862,1267,3974.5400390625,13138.73046875,33072.87890625
87,2021-03-29,94791,2112,3971.090087890625,13059.650390625,33171.37109375
88,2021-03-30,100190,2155,3958.550048828125,13045.3896484375,33066.9609375
89,2021-03-31,89479,2207,3972.889892578125,13246.8701171875,32981.55078125
90,2021-04-01,84115,2635,4019.8701171875,13480.1103515625,33153.2109375
91,2021-04-02,33382,1396,4019.8701171875,13480.1103515625,33153.2109375
92,2021-04-03,24218,986,4019.8701171875,13480.1103515625,33153.2109375
93,2021-04-04,27751,897,4019.8701171875,13480.1103515625,33153.2109375
94,2021-04-05,71520,1593,4077.909912109375,13705.58984375,33527.19140625
95,2021-04-06,65179,1600,4073.93994140625,13698.3798828125,33430.23828125
96,2021-04-07,65894,1733,4079.949951171875,13688.83984375,33446.26171875
97,2021-04-08,79236,1927,4097.169921875,13829.3095703125,33503.5703125
98,2021-04-09,79905,1969,4128.7998046875,13900.1904296875,33800.6015625
99,2021-04-10,31339,1077,4128.7998046875,13900.1904296875,33800.6015625
100,2021-04-11,27208,850,4128.7998046875,13900.1904296875,33800.6015625
101,2021-04-12,82618,1779,4127.990234375,13850.0,33745.3984375
102,2021-04-13,78838,1939,4141.58984375,13996.099609375,33677.26953125
103,2021-04-14,103502,2056,4124.66015625,13857.83984375,33730.890625
104,2021-04-15,82766,2075,4170.419921875,14038.759765625,34035.98828125
105,2021-04-16,87431,2745,4185.47021484375,14052.33984375,34200.671875
106,2021-04-17,32695,1300,4185.47021484375,14052.33984375,34200.671875
107,2021-04-18,24101,1055,4185.47021484375,14052.33984375,34200.671875
108,2021-04-19,51391,1776,4163.259765625,13914.76953125,34077.62890625
109,2021-04-20,49715,1802,4134.93994140625,13786.26953125,33821.30078125
110,2021-04-21,41263,1691,4173.419921875,13950.2197265625,34137.30859375
111,2021-04-22,51391,1705,4134.97998046875,13818.41015625,33815.8984375
112,2021-04-23,47806,1594,4180.169921875,14016.8095703125,34043.48828125
113,2021-04-24,25650,960,4180.169921875,14016.8095703125,34043.48828125
114,2021-04-25,24240,907,4180.169921875,14016.8095703125,34043.48828125
115,2021-04-26,60220,2106,4187.6201171875,14138.7802734375,33981.5703125
116,2021-04-27,73235,2421,4186.72021484375,14090.2197265625,33984.9296875
117,2021-04-28,59926,1946,4183.18017578125,14051.0302734375,33820.37890625
118,2021-04-29,64630,1931,4211.47021484375,14082.5498046875,34060.359375
119,2021-04-30,52594,1734,4181.169921875,13962.6796875,33874.8515625
120,2021-05-01,22565,887,4181.169921875,13962.6796875,33874.8515625
121,2021-05-02,24736,837,4181.169921875,13962.6796875,33874.8515625
122,2021-05-03,47516,1595,4192.66015625,13895.1201171875,34113.23046875
123,2021-05-04,47669,1563,4164.66015625,13633.5,34133.03125
124,2021-05-05,56385,1991,4167.58984375,13582.419921875,34230.33984375
125,2021-05-06,71698,2609,4201.6201171875,13632.83984375,34548.53125
126,2021-05-07,50532,1688,4232.60009765625,13752.240234375,34777.76171875
127,2021-05-08,27017,1073,4232.60009765625,13752.240234375,34777.76171875
128,2021-05-09,28017,970,4232.60009765625,13752.240234375,34777.76171875
129,2021-05-10,50239,1547,4188.43017578125,13401.8603515625,34742.8203125
130,2021-05-11,60013,1727,4152.10009765625,13389.4296875,34269.16015625
131,2021-05-12,59590,1623,4063.0400390625,13031.6796875,33587.66015625
132,2021-05-13,59515,1795,4112.5,13124.990234375,34021.44921875
133,2021-05-14,49100,1524,4173.85009765625,13429.98046875,34382.12890625
134,2021-05-15,22392,749,4173.85009765625,13429.98046875,34382.12890625
135,2021-05-16,21072,683,4173.85009765625,13429.98046875,34382.12890625
136,2021-05-17,44205,1297,4163.2900390625,13379.0498046875,34327.7890625
137,2021-05-18,49716,1387,4127.830078125,13303.6396484375,34060.66015625
138,2021-05-19,51370,1351,4115.68017578125,13299.740234375,33896.0390625
139,2021-05-20,41487,1232,4159.1201171875,13535.740234375,34084.1484375
140,2021-05-21,40718,1130,4155.85986328125,13470.990234375,34207.83984375
141,2021-05-22,21267,710,4155.85986328125,13470.990234375,34207.83984375
142,2021-05-23,23405,593,4155.85986328125,13470.990234375,34207.83984375
143,2021-05-24,38363,996,4197.0498046875,13661.169921875,34393.98046875
144,2021-05-25,49714,1442,4188.1298828125,13657.169921875,34312.4609375
145,2021-05-26,64580,2200,4195.990234375,13738.0,34323.05078125
146,2021-05-27,79914,3168,4200.8798828125,13736.2802734375,34464.640625
147,2021-05-28,84112,3497,4204.10986328125,13748.740234375,34529.44921875
148,2021-05-29,29855,1218,4204.10986328125,13748.740234375,34529.44921875
149,2021-05-30,22043,970,4204.10986328125,13748.740234375,34529.44921875
150,2021-05-31,26041,927,4204.10986328125,13748.740234375,34529.44921875
151,2021-06-01,55974,1935,4202.0400390625,13736.48046875,34575.30859375
152,2021-06-02,119097,6104,4208.1201171875,13756.330078125,34600.37890625
153,2021-06-03,175534,7716,4192.85009765625,13614.509765625,34577.0390625
154,2021-06-04,106069,4475,4229.89013671875,13814.490234375,34756.390625
155,2021-06-05,41695,1959,4229.89013671875,13814.490234375,34756.390625
156,2021-06-06,38970,1594,4229.89013671875,13814.490234375,34756.390625
157,2021-06-07,84511,3459,4226.52001953125,13881.7197265625,34630.23828125
158,2021-06-08,145094,6785,4227.259765625,13924.91015625,34599.8203125
159,2021-06-09,196654,9059,4219.5498046875,13911.75,34447.140625
160,2021-06-10,144829,6321,4239.18017578125,14020.330078125,34466.23828125
161,2021-06-11,98487,4715,4247.43994140625,14069.419921875,34479.6015625
162,2021-06-12,39400,1977,4247.43994140625,14069.419921875,34479.6015625
163,2021-06-13,36557,1634,4247.43994140625,14069.419921875,34479.6015625
164,2021-06-14,81734,3457,4255.14990234375,14174.1396484375,34393.75
165,2021-06-15,80695,3766,4246.58984375,14072.8603515625,34299.328125
166,2021-06-16,79871,3306,4223.7001953125,14039.6796875,34033.671875
167,2021-06-17,70201,3197,4221.85986328125,14161.349609375,33823.44921875
168,2021-06-18,63710,2669,4166.4501953125,14030.3798828125,33290.078125
169,2021-06-19,29995,1169,4166.4501953125,14030.3798828125,33290.078125
170,2021-06-20,26923,984,4166.4501953125,14030.3798828125,33290.078125
171,2021-06-21,54155,2182,4224.7900390625,14141.48046875,33876.96875
172,2021-06-22,58263,2282,4246.43994140625,14253.26953125,33945.578125
173,2021-06-23,53545,2351,4241.83984375,14271.73046875,33874.23828125
174,2021-06-24,53195,2274,4266.490234375,14369.7099609375,34196.8203125
175,2021-06-25,54670,2287,4280.7001953125,14360.3896484375,34433.83984375
176,2021-06-26,22158,947,4280.7001953125,14360.3896484375,34433.83984375
177,2021-06-27,24847,998,4280.7001953125,14360.3896484375,34433.83984375
178,2021-06-28,49500,1965,4290.60986328125,14500.509765625,34283.26953125
179,2021-06-29,52191,2176,4291.7998046875,14528.330078125,34292.2890625
180,2021-06-30,47992,1886,4297.5,14503.9501953125,34502.51171875
181,2021-07-01,47219,1958,4319.93994140625,14522.3798828125,34633.53125
182,2021-07-02,45168,1761,4352.33984375,14639.330078125,34786.3515625
183,2021-07-03,21086,710,4352.33984375,14639.330078125,34786.3515625
184,2021-07-04,21014,638,4352.33984375,14639.330078125,34786.3515625
185,2021-07-05,24508,715,4352.33984375,14639.330078125,34786.3515625
186,2021-07-06,39961,1183,4343.5400390625,14663.6396484375,34577.37109375
187,2021-07-07,45125,1511,4358.1298828125,14665.0595703125,34681.7890625
188,2021-07-08,51194,1642,4320.81982421875,14559.7802734375,34421.9296875
189,2021-07-09,41039,1448,4369.5498046875,14701.919921875,34870.16015625
190,2021-07-10,21268,672,4369.5498046875,14701.919921875,34870.16015625
191,2021-07-11,23550,613,4369.5498046875,14701.919921875,34870.16015625
192,2021-07-12,41426,1188,4384.6298828125,14733.240234375,34996.1796875
193,2021-07-13,43312,1352,4369.2099609375,14677.650390625,34888.7890625
194,2021-07-14,46981,1502,4374.2998046875,14644.9501953125,34933.23046875
195,2021-07-15,45172,1426,4360.02978515625,14543.1298828125,34987.01953125
196,2021-07-16,38371,1067,4327.16015625,14427.240234375,34687.8515625
197,2021-07-17,24488,564,4327.16015625,14427.240234375,34687.8515625
198,2021-07-18,21113,456,4327.16015625,14427.240234375,34687.8515625
199,2021-07-19,44388,998,4258.490234375,14274.98046875,33962.0390625
200,2021-07-20,39624,1048,4323.06005859375,14498.8798828125,34511.98828125
201,2021-07-21,37284,1030,4358.68994140625,14631.9501953125,34798.0
202,2021-07-22,34921,993,4367.47998046875,14684.599609375,34823.3515625
203,2021-07-23,35802,1003,4411.7900390625,14836.990234375,35061.55078125
204,2021-07-24,23290,529,4411.7900390625,14836.990234375,35061.55078125
205,2021-07-25,21709,471,4411.7900390625,14836.990234375,35061.55078125
206,2021-07-26,33407,820,4422.2998046875,14840.7099609375,35144.30859375
207,2021-07-27,40641,918,4401.4599609375,14660.580078125,35058.51953125
208,2021-07-28,39733,953,4400.64013671875,14762.580078125,34930.9296875
209,2021-07-29,46414,1259,4419.14990234375,14778.259765625,35084.53125
210,2021-07-30,40755,912,4395.259765625,14672.6796875,34935.46875
211,2021-07-31,20235,431,4395.259765625,14672.6796875,34935.46875
212,2021-08-01,21687,384,4395.259765625,14672.6796875,34935.46875
213,2021-08-02,33677,668,4387.16015625,14681.0703125,34838.16015625
214,2021-08-03,38875,897,4423.14990234375,14761.2900390625,35116.3984375
215,2021-08-04,45472,1356,4402.66015625,14780.5302734375,34792.671875
216,2021-08-05,43927,1381,4429.10009765625,14895.1201171875,35064.25
217,2021-08-06,37649,1038,4436.52001953125,14835.759765625,35208.51171875
218,2021-08-07,17770,494,4436.52001953125,14835.759765625,35208.51171875
219,2021-08-08,19153,491,4436.52001953125,14835.759765625,35208.51171875
220,2021-08-09,33631,871,4432.35009765625,14860.1796875,35101.8515625
221,2021-08-10,39014,1042,4436.75,14788.08984375,35264.671875
222,2021-08-11,39973,1031,4442.41015625,14765.1396484375,35484.96875
223,2021-08-12,40275,1175,4460.830078125,14816.259765625,35499.8515625
224,2021-08-13,37299,941,4468.0,14822.900390625,35515.37890625
225,2021-08-14,18363,546,4468.0,14822.900390625,35515.37890625
226,2021-08-15,19222,442,4468.0,14822.900390625,35515.37890625
227,2021-08-16,34051,819,4479.7099609375,14793.759765625,35625.3984375
228,2021-08-17,34667,833,4448.080078125,14656.1796875,35343.28125
229,2021-08-18,38665,908,4400.27001953125,14525.91015625,34960.69140625
230,2021-08-19,46339,936,4405.7998046875,14541.7900390625,34894.12109375
231,2021-08-20,37290,972,4441.669921875,14714.66015625,35120.078125
232,2021-08-21,19420,427,4441.669921875,14714.66015625,35120.078125
233,2021-08-22,20311,405,4441.669921875,14714.66015625,35120.078125
234,2021-08-23,31335,712,4479.52978515625,14942.650390625,35335.7109375
235,2021-08-24,40091,1090,4486.22998046875,15019.7998046875,35366.26171875
236,2021-08-25,37823,1043,4496.18994140625,15041.8603515625,35405.5
237,2021-08-26,37246,892,4470.0,14945.8095703125,35213.12109375
238,2021-08-27,37627,1193,4509.3701171875,15129.5,35455.80078125
239,2021-08-28,19059,619,4509.3701171875,15129.5,35455.80078125
240,2021-08-29,17886,477,4509.3701171875,15129.5,35455.80078125
241,2021-08-30,35713,942,4528.7900390625,15265.8896484375,35399.83984375
242,2021-08-31,37760,965,4522.68017578125,15259.240234375,35360.73046875
243,2021-09-01,38620,1075,4524.08984375,15309.3798828125,35312.53125
244,2021-09-02,36518,1099,4536.9501953125,15331.1796875,35443.8203125
245,2021-09-03,33127,958,4535.43017578125,15363.51953125,35369.08984375
246,2021-09-04,16209,451,4535.43017578125,15363.51953125,35369.08984375
247,2021-09-05,17273,448,4535.43017578125,15363.51953125,35369.08984375
248,2021-09-06,21722,591,4535.43017578125,15363.51953125,35369.08984375
249,2021-09-07,33604,1017,4520.02978515625,15374.330078125,35100.0
250,2021-09-08,36796,945,4514.06982421875,15286.6396484375,35031.0703125
251,2021-09-09,37373,990,4493.27978515625,15248.25,34879.37890625
252,2021-09-10,36332,925,4458.580078125,15115.490234375,34607.71875
253,2021-09-11,20211,466,4458.580078125,15115.490234375,34607.71875
254,2021-09-12,19709,460,4458.580078125,15115.490234375,34607.71875
255,2021-09-13,35845,849,4468.72998046875,15105.580078125,34869.62890625
256,2021-09-14,41572,943,4443.0498046875,15037.759765625,34577.5703125
257,2021-09-15,46105,1214,4480.7001953125,15161.5302734375,34814.390625
258,2021-09-16,50961,1300,4473.75,15181.919921875,34751.3203125
259,2021-09-17,45723,1290,4432.990234375,15043.9697265625,34584.87890625
260,2021-09-18,20232,532,4432.990234375,15043.9697265625,34584.87890625
261,2021-09-19,17846,459,4432.990234375,15043.9697265625,34584.87890625
262,2021-09-20,53887,1066,4357.72998046875,14713.900390625,33970.46875
263,2021-09-21,41864,969,4354.18994140625,14746.400390625,33919.83984375
264,2021-09-22,42125,957,4395.64013671875,14896.849609375,34258.3203125
265,2021-09-23,39890,1084,4448.97998046875,15052.240234375,34764.8203125
266,2021-09-24,35878,891,4455.47998046875,15047.7001953125,34798.0
267,2021-09-25,20250,527,4455.47998046875,15047.7001953125,34798.0
268,2021-09-26,19340,472,4455.47998046875,15047.7001953125,34798.0
269,2021-09-27,31623,857,4443.10986328125,14969.9697265625,34869.37109375
270,2021-09-28,40614,883,4352.6298828125,14546.6796875,34299.98828125
271,2021-09-29,35089,1050,4359.4599609375,14512.4404296875,34390.71875
272,2021-09-30,39500,1016,4307.5400390625,14448.580078125,33843.921875
273,2021-10-01,36624,898,4357.0400390625,14566.7001953125,34326.4609375
274,2021-10-02,17750,430,4357.0400390625,14566.7001953125,34326.4609375
275,2021-10-03,19681,505,4357.0400390625,14566.7001953125,34326.4609375
276,2021-10-04,43110,1053,4300.4599609375,14255.48046875,34002.921875
277,2021-10-05,36103,942,4345.72021484375,14433.830078125,34314.671875
278,2021-10-06,37830,951,4363.5498046875,14501.91015625,34416.98828125
279,2021-10-07,33518,912,4399.759765625,14654.01953125,34754.94140625
280,2021-10-08,31535,843,4391.33984375,14579.5400390625,34746.25
281,2021-10-09,15726,402,4391.33984375,14579.5400390625,34746.25
282,2021-10-10,16994,440,4391.33984375,14579.5400390625,34746.25
283,2021-10-11,31195,764,4361.18994140625,14486.2001953125,34496.05859375
284,2021-10-12,31184,778,4350.64990234375,14465.919921875,34378.33984375
285,2021-10-13,34277,829,4363.7998046875,14571.6396484375,34377.80859375
286,2021-10-14,31401,854,4438.259765625,14823.4296875,34912.55859375
287,2021-10-15,30659,778,4471.3701171875,14897.33984375,35294.76171875
288,2021-10-16,14961,417,4471.3701171875,14897.33984375,35294.76171875
289,2021-10-17,13938,352,4471.3701171875,14897.33984375,35294.76171875
290,2021-10-18,29365,774,4486.4599609375,15021.8095703125,35258.609375
291,2021-10-19,32409,949,4519.6298828125,15129.08984375,35457.30859375
292,2021-10-20,30622,843,4536.18994140625,15121.6796875,35609.33984375
293,2021-10-21,35001,1065,4549.77978515625,15215.7001953125,35603.078125
294,2021-10-22,46257,1296,4544.89990234375,15090.2001953125,35677.01953125
295,2021-10-23,19981,569,4544.89990234375,15090.2001953125,35677.01953125
296,2021-10-24,17760,531,4544.89990234375,15090.2001953125,35677.01953125
297,2021-10-25,39755,1267,4566.47998046875,15226.7099609375,35741.1484375
298,2021-10-26,45565,1497,4574.7900390625,15235.7099609375,35756.87890625
299,2021-10-27,37422,1292,4551.68017578125,15235.83984375,35490.69140625
300,2021-10-28,38830,1261,4596.419921875,15448.1201171875,35730.48046875
301,2021-10-29,36624,1186,4605.3798828125,15498.3896484375,35819.55859375
302,2021-10-30,19085,616,4605.3798828125,15498.3896484375,35819.55859375
303,2021-10-31,17550,565,4605.3798828125,15498.3896484375,35819.55859375
304,2021-11-01,34519,985,4613.669921875,15595.919921875,35913.83984375
305,2021-11-02,43465,1343,4630.64990234375,15649.599609375,36052.62890625
306,2021-11-03,49100,1458,4660.56982421875,15811.580078125,36157.578125
307,2021-11-04,47570,1512,4680.06005859375,15940.3095703125,36124.23046875
308,2021-11-05,42251,1292,4697.52978515625,15971.58984375,36327.94921875
309,2021-11-06,27203,749,4697.52978515625,15971.58984375,36327.94921875
310,2021-11-07,23904,657,4697.52978515625,15971.58984375,36327.94921875
311,2021-11-08,45338,1266,4701.7001953125,15982.3603515625,36432.21875
312,2021-11-09,49124,1441,4685.25,15886.5400390625,36319.98046875
313,2021-11-10,50692,1257,4646.7099609375,15622.7099609375,36079.94140625
314,2021-11-11,41588,1234,4649.27001953125,15704.2802734375,35921.23046875
315,2021-11-12,34127,1165,4682.85009765625,15860.9599609375,36100.30859375
316,2021-11-13,23311,676,4682.85009765625,15860.9599609375,36100.30859375
317,2021-11-14,23934,549,4682.85009765625,15860.9599609375,36100.30859375
318,2021-11-15,37105,932,4682.7998046875,15853.849609375,36087.44921875
319,2021-11-16,38484,998,4700.89990234375,15973.8603515625,36142.21875
320,2021-11-17,40642,1061,4688.669921875,15921.5703125,35931.05078125
321,2021-11-18,39067,1087,4704.5400390625,15993.7099609375,35870.94921875
322,2021-11-19,37631,1101,4697.9599609375,16057.4404296875,35601.98046875
323,2021-11-20,18285,598,4697.9599609375,16057.4404296875,35601.98046875
324,2021-11-21,17292,475,4697.9599609375,16057.4404296875,35601.98046875
325,2021-11-22,38789,953,4682.93994140625,15854.759765625,35619.25
326,2021-11-23,37398,955,4690.7001953125,15775.1396484375,35813.80078125
327,2021-11-24,36356,899,4701.4599609375,15845.23046875,35804.37890625
328,2021-11-25,18514,487,4701.4599609375,15845.23046875,35804.37890625
329,2021-11-26,38539,743,4594.6201171875,15491.66015625,34899.33984375
330,2021-11-27,19868,495,4594.6201171875,15491.66015625,34899.33984375
331,2021-11-28,21824,468,4594.6201171875,15491.66015625,34899.33984375
332,2021-11-29,32780,715,4655.27001953125,15782.830078125,35135.94140625
333,2021-11-30,44439,904,4567.0,15537.6904296875,34483.71875
334,2021-12-01,45757,952,4513.0400390625,15254.0498046875,34022.0390625
335,2021-12-02,45515,972,4577.10009765625,15381.3203125,34639.7890625
336,2021-12-03,50722,1105,4538.43017578125,15085.4697265625,34580.078125
337,2021-12-04,23988,551,4538.43017578125,15085.4697265625,34580.078125
338,2021-12-05,20735,435,4538.43017578125,15085.4697265625,34580.078125
339,2021-12-06,37656,766,4591.669921875,15225.150390625,35227.03125
340,2021-12-07,38592,736,4686.75,15686.919921875,35719.4296875
341,2021-12-08,38480,822,4701.2099609375,15786.990234375,35754.75
342,2021-12-09,39142,888,4667.4501953125,15517.3701171875,35754.69140625
343,2021-12-10,42352,957,4712.02001953125,15630.599609375,35970.98828125
344,2021-12-11,22700,553,4712.02001953125,15630.599609375,35970.98828125
345,2021-12-12,18484,462,4712.02001953125,15630.599609375,35970.98828125
346,2021-12-13,36757,696,4668.97021484375,15413.2802734375,35650.94921875
347,2021-12-14,42077,840,4634.08984375,15237.6396484375,35544.1796875
348,2021-12-15,48180,927,4709.85009765625,15565.580078125,35927.4296875
349,2021-12-16,43042,857,4668.669921875,15180.4296875,35897.640625
350,2021-12-17,39571,695,4620.64013671875,15169.6796875,35365.44140625
351,2021-12-18,21674,636,4620.64013671875,15169.6796875,35365.44140625
352,2021-12-19,22825,380,4620.64013671875,15169.6796875,35365.44140625
353,2021-12-20,42420,682,4568.02001953125,14980.9404296875,34932.16015625
354,2021-12-21,34819,636,4649.22998046875,15341.08984375,35492.69921875
355,2021-12-22,32928,631,4696.56005859375,15521.8896484375,35753.890625
356,2021-12-23,29058,693,4725.7900390625,15653.3701171875,35950.55859375
357,2021-12-24,15003,401,4725.7900390625,15653.3701171875,35950.55859375
358,2021-12-25,11710,298,4725.7900390625,15653.3701171875,35950.55859375
359,2021-12-26,13710,339,4725.7900390625,15653.3701171875,35950.55859375
360,2021-12-27,27678,590,4791.18994140625,15871.259765625,36302.37890625
361,2021-12-28,27983,599,4786.35009765625,15781.7197265625,36398.2109375
362,2021-12-29,30013,707,4793.06005859375,15766.2197265625,36488.62890625
363,2021-12-30,31544,700,4778.72998046875,15741.5595703125,36398.078125
364,2021-12-31,28991,660,4766.18017578125,15644.9697265625,36338.30078125
365,2022-01-01,15336,454,4766.18017578125,15644.9697265625,36338.30078125
366,2022-01-02,16075,472,4766.18017578125,15644.9697265625,36338.30078125
367,2022-01-03,29957,756,4796.56005859375,15832.7998046875,36585.05859375
368,2022-01-04,36659,812,4793.5400390625,15622.7197265625,36799.6484375
369,2022-01-05,44666,927,4700.580078125,15100.169921875,36407.109375
370,2022-01-06,51427,1048,4696.0498046875,15080.8603515625,36236.46875
371,2022-01-07,53667,1152,4677.02978515625,14935.900390625,36231.66015625
372,2022-01-08,28855,520,4677.02978515625,14935.900390625,36231.66015625
373,2022-01-09,27072,533,4677.02978515625,14935.900390625,36231.66015625
374,2022-01-10,49157,809,4670.2900390625,14942.830078125,36068.87109375
375,2022-01-11,46214,805,4713.06982421875,15153.4501953125,36252.01953125
376,2022-01-12,48432,875,4726.35009765625,15188.3896484375,36290.3203125
377,2022-01-13,47658,805,4659.02978515625,14806.8095703125,36113.62109375
378,2022-01-14,47356,875,4662.85009765625,14893.75,35911.80859375
379,2022-01-15,26675,425,4662.85009765625,14893.75,35911.80859375
380,2022-01-16,23018,365,4662.85009765625,14893.75,35911.80859375
381,2022-01-17,27518,491,4662.85009765625,14893.75,35911.80859375
382,2022-01-18,52113,933,4577.10986328125,14506.900390625,35368.46875
383,2022-01-19,55258,872,4532.759765625,14340.259765625,35028.6484375
384,2022-01-20,55636,912,4482.72998046875,14154.01953125,34715.390625
385,2022-01-21,70210,1201,4397.93994140625,13768.919921875,34265.37109375
386,2022-01-22,38068,713,4397.93994140625,13768.919921875,34265.37109375
387,2022-01-23,30972,567,4397.93994140625,13768.919921875,34265.37109375
388,2022-01-24,75946,1249,4410.1298828125,13855.1298828125,34364.5
389,2022-01-25,65410,1073,4356.4501953125,13539.2900390625,34297.73046875
390,2022-01-26,73964,1104,4349.93017578125,13542.1201171875,34168.08984375
391,2022-01-27,71145,1092,4326.509765625,13352.7802734375,34160.78125
392,2022-01-28,62259,1053,4431.85009765625,13770.5703125,34725.46875
393,2022-01-29,29816,486,4431.85009765625,13770.5703125,34725.46875
394,2022-01-30,26932,405,4431.85009765625,13770.5703125,34725.46875
395,2022-01-31,41095,401,4515.5498046875,14239.8798828125,35131.859375
396,2022-02-01,45602,394,4546.5400390625,14346.0,35405.23828125
397,2022-02-02,50700,478,4589.3798828125,14417.5498046875,35629.328125
398,2022-02-03,65335,673,4477.43994140625,13878.8203125,35111.16015625
399,2022-02-04,52714,687,4500.52978515625,14098.009765625,35089.73828125
400,2022-02-05,30521,562,4500.52978515625,14098.009765625,35089.73828125
401,2022-02-06,21362,245,4500.52978515625,14098.009765625,35089.73828125
402,2022-02-07,37318,391,4483.8701171875,14015.669921875,35091.12890625
403,2022-02-08,41992,678,4521.5400390625,14194.4501953125,35462.78125
404,2022-02-09,44255,735,4587.18017578125,14490.3701171875,35768.05859375
405,2022-02-10,53668,722,4504.080078125,14185.6396484375,35241.58984375
406,2022-02-11,50230,730,4418.64013671875,13791.150390625,34738.05859375
407,2022-02-12,26818,512,4418.64013671875,13791.150390625,34738.05859375
408,2022-02-13,22135,463,4418.64013671875,13791.150390625,34738.05859375
409,2022-02-14,39299,446,4401.669921875,13790.919921875,34566.171875
410,2022-02-15,42917,592,4471.06982421875,14139.759765625,34988.83984375
411,2022-02-16,48416,649,4475.009765625,14124.08984375,34934.26953125
412,2022-02-17,51011,731,4380.259765625,13716.7197265625,34312.03125
413,2022-02-18,51129,712,4348.8701171875,13548.0703125,34079.1796875
414,2022-02-19,24357,462,4348.8701171875,13548.0703125,34079.1796875
415,2022-02-20,25212,399,4348.8701171875,13548.0703125,34079.1796875
416,2022-02-21,36066,446,4348.8701171875,13548.0703125,34079.1796875
417,2022-02-22,46760,586,4304.759765625,13381.51953125,33596.609375
418,2022-02-23,43339,642,4225.5,13037.490234375,33131.76171875
419,2022-02-24,72609,1131,4288.7001953125,13473.58984375,33223.828125
420,2022-02-25,40221,591,4384.64990234375,13694.6201171875,34058.75
421,2022-02-26,22334,429,4384.64990234375,13694.6201171875,34058.75
422,2022-02-27,28491,427,4384.64990234375,13694.6201171875,34058.75
423,2022-02-28,44024,645,4373.93994140625,13751.400390625,33892.6015625
424,2022-03-01,36952,600,4306.259765625,13532.4599609375,33294.94921875
425,2022-03-02,46188,551,4386.5400390625,13752.01953125,33891.3515625
426,2022-03-03,38287,617,4363.490234375,13537.9404296875,33794.66015625
427,2022-03-04,40142,660,4328.8701171875,13313.4404296875,33614.80078125
428,2022-03-05,23941,469,4328.8701171875,13313.4404296875,33614.80078125
429,2022-03-06,22609,364,4328.8701171875,13313.4404296875,33614.80078125
430,2022-03-07,46638,696,4201.08984375,12830.9599609375,32817.37890625
431,2022-03-08,50479,746,4170.7001953125,12795.5498046875,32632.640625
432,2022-03-09,43969,555,4277.8798828125,13255.5498046875,33286.25
433,2022-03-10,38306,487,4259.52001953125,13129.9599609375,33174.0703125
434,2022-03-11,38322,516,4204.31005859375,12843.8095703125,32944.19140625
435,2022-03-12,23051,389,4204.31005859375,12843.8095703125,32944.19140625
436,2022-03-13,25044,340,4204.31005859375,12843.8095703125,32944.19140625
437,2022-03-14,39292,507,4173.10986328125,12581.2197265625,32945.23828125
438,2022-03-15,41346,550,4262.4501953125,12948.6201171875,33544.33984375
439,2022-03-16,52285,627,4357.85986328125,13436.5498046875,34063.1015625
440,2022-03-17,41716,548,4411.669921875,13614.7802734375,34480.76171875
441,2022-03-18,43031,616,4463.1201171875,13893.83984375,34754.9296875
442,2022-03-19,20406,417,4463.1201171875,13893.83984375,34754.9296875
443,2022-03-20,16703,289,4463.1201171875,13893.83984375,34754.9296875
444,2022-03-21,34100,465,4461.18017578125,13838.4599609375,34552.98828125
445,2022-03-22,41643,657,4511.60986328125,14108.8203125,34807.4609375
446,2022-03-23,44091,835,4456.240234375,13922.599609375,34358.5
447,2022-03-24,40676,660,4520.16015625,14191.83984375,34707.94140625
448,2022-03-25,39229,687,4543.06005859375,14169.2998046875,34861.23828125
449,2022-03-26,18633,472,4543.06005859375,14169.2998046875,34861.23828125
450,2022-03-27,17980,355,4543.06005859375,14169.2998046875,34861.23828125
451,2022-03-28,37625,786,4575.52001953125,14354.900390625,34955.890625
452,2022-03-29,45139,888,4631.60009765625,14619.6396484375,35294.19140625
453,2022-03-30,37641,618,4602.4501953125,14442.26953125,35228.80859375
454,2022-03-31,40655,690,4530.41015625,14220.51953125,34678.3515625
455,2022-04-01,38056,827,4545.85986328125,14261.5,34818.26953125
456,2022-04-02,17466,480,4545.85986328125,14261.5,34818.26953125
457,2022-04-03,17400,348,4545.85986328125,14261.5,34818.26953125
458,2022-04-04,36202,588,4582.64013671875,14532.5498046875,34921.87890625
459,2022-04-05,36605,597,4525.1201171875,14204.169921875,34641.1796875
460,2022-04-06,39052,559,4481.14990234375,13888.8203125,34496.51171875
461,2022-04-07,37556,640,4500.2099609375,13897.2998046875,34583.5703125
462,2022-04-08,30684,545,4488.27978515625,13711.0,34721.12109375
463,2022-04-09,15952,307,4488.27978515625,13711.0,34721.12109375
464,2022-04-10,17465,312,4488.27978515625,13711.0,34721.12109375
465,2022-04-11,35472,567,4412.52978515625,13411.9599609375,34308.078125
466,2022-04-12,41346,623,4397.4501953125,13371.5703125,34220.359375
467,2022-04-13,36424,609,4446.58984375,13643.58984375,34564.58984375
468,2022-04-14,37204,663,4392.58984375,13351.080078125,34451.23046875
469,2022-04-15,22336,414,4392.58984375,13351.080078125,34451.23046875
470,2022-04-16,20120,289,4392.58984375,13351.080078125,34451.23046875
471,2022-04-17,24577,326,4392.58984375,13351.080078125,34451.23046875
472,2022-04-18,36177,496,4391.68994140625,13332.3603515625,34411.69140625
473,2022-04-19,38431,579,4462.2099609375,13619.66015625,34911.19921875
474,2022-04-20,50837,892,4459.4501953125,13453.0703125,35160.7890625
475,2022-04-21,48104,801,4393.66015625,13174.650390625,34792.76171875
476,2022-04-22,46612,689,4271.77978515625,12839.2900390625,33811.3984375
477,2022-04-23,31896,487,4271.77978515625,12839.2900390625,33811.3984375
478,2022-04-24,25675,354,4271.77978515625,12839.2900390625,33811.3984375
479,2022-04-25,49431,790,4296.1201171875,13004.849609375,34049.4609375
480,2022-04-26,59478,884,4175.2001953125,12490.740234375,33240.1796875
481,2022-04-27,53938,866,4183.9599609375,12488.9296875,33301.9296875
482,2022-04-28,57498,918,4287.5,12871.5302734375,33916.390625
483,2022-04-29,48808,741,4131.93017578125,12334.6396484375,32977.2109375
484,2022-04-30,43005,473,4131.93017578125,12334.6396484375,32977.2109375
485,2022-05-01,37134,456,4131.93017578125,12334.6396484375,32977.2109375
486,2022-05-02,53215,675,4155.3798828125,12536.01953125,33061.5
487,2022-05-03,45313,627,4175.47998046875,12563.759765625,33128.7890625
488,2022-05-04,47868,636,4300.169921875,12964.8603515625,34061.05859375
489,2022-05-05,56891,879,4146.8701171875,12317.6904296875,32997.96875
490,2022-05-06,44221,722,4123.33984375,12144.66015625,32899.37109375
491,2022-05-07,21019,419,4123.33984375,12144.66015625,32899.37109375
492,2022-05-08,23357,318,4123.33984375,12144.66015625,32899.37109375
493,2022-05-09,58357,954,3991.239990234375,11623.25,32245.69921875
494,2022-05-10,52119,864,4001.050048828125,11737.669921875,32160.740234375
495,2022-05-11,56991,1037,3935.179931640625,11364.240234375,31834.109375
496,2022-05-12,59092,1156,3930.080078125,11370.9599609375,31730.30078125
497,2022-05-13,44210,794,4023.889892578125,11805.0,32196.66015625
498,2022-05-14,24408,469,4023.889892578125,11805.0,32196.66015625
499,2022-05-15,24052,381,4023.889892578125,11805.0,32196.66015625
500,2022-05-16,35848,515,4008.010009765625,11662.7900390625,32223.419921875
501,2022-05-17,41494,586,4088.85009765625,11984.51953125,32654.58984375
502,2022-05-18,51694,908,3923.679931640625,11418.150390625,31490.0703125
503,2022-05-19,52373,834,3900.7900390625,11388.5,31253.130859375
504,2022-05-20,53649,845,3901.360107421875,11354.6201171875,31261.900390625
505,2022-05-21,32061,499,3901.360107421875,11354.6201171875,31261.900390625
506,2022-05-22,28249,367,3901.360107421875,11354.6201171875,31261.900390625
507,2022-05-23,46415,611,3973.75,11535.26953125,31880.240234375
508,2022-05-24,50321,646,3941.47998046875,11264.4501953125,31928.619140625
509,2022-05-25,50386,627,3978.72998046875,11434.740234375,32120.279296875
510,2022-05-26,46279,594,4057.840087890625,11740.650390625,32637.189453125
511,2022-05-27,34791,505,4158.240234375,12131.1298828125,33212.9609375
512,2022-05-28,21579,324,4158.240234375,12131.1298828125,33212.9609375
513,2022-05-29,19710,319,4158.240234375,12131.1298828125,33212.9609375
514,2022-05-30,20206,272,4158.240234375,12131.1298828125,33212.9609375
515,2022-05-31,32633,431,4132.14990234375,12081.3896484375,32990.12109375
516,2022-06-01,38547,363,4101.22998046875,11994.4599609375,32813.23046875
517,2022-06-02,44245,576,4176.81982421875,12316.900390625,33248.28125
518,2022-06-03,37371,530,4108.5400390625,12012.73046875,32899.69921875
519,2022-06-04,20819,286,4108.5400390625,12012.73046875,32899.69921875
520,2022-06-05,24316,305,4108.5400390625,12012.73046875,32899.69921875
521,2022-06-06,35428,435,4121.43017578125,12061.3701171875,32915.78125
522,2022-06-07,36214,460,4160.68017578125,12175.23046875,33180.140625
523,2022-06-08,35335,488,4115.77001953125,12086.26953125,32910.8984375
524,2022-06-09,38096,496,4017.820068359375,11754.23046875,32272.7890625
525,2022-06-10,50483,725,3900.860107421875,11340.01953125,31392.7890625
526,2022-06-11,30755,465,3900.860107421875,11340.01953125,31392.7890625
527,2022-06-12,25968,405,3900.860107421875,11340.01953125,31392.7890625
528,2022-06-13,55758,906,3749.6298828125,10809.23046875,30516.740234375
529,2022-06-14,50408,736,3735.47998046875,10828.349609375,30364.830078125
530,2022-06-15,55245,707,3789.989990234375,11099.150390625,30668.529296875
531,2022-06-16,56407,796,3666.77001953125,10646.099609375,29927.0703125
532,2022-06-17,46244,666,3674.840087890625,10798.349609375,29888.779296875
533,2022-06-18,30916,440,3674.840087890625,10798.349609375,29888.779296875
534,2022-06-19,24412,378,3674.840087890625,10798.349609375,29888.779296875
535,2022-06-20,26738,404,3674.840087890625,10798.349609375,29888.779296875
536,2022-06-21,39788,525,3764.7900390625,11069.2998046875,30530.25
537,2022-06-22,43037,609,3759.889892578125,11053.080078125,30483.130859375
538,2022-06-23,41820,609,3795.72998046875,11232.1904296875,30677.359375
539,2022-06-24,39912,545,3911.739990234375,11607.6201171875,31500.6796875
540,2022-06-25,22206,340,3911.739990234375,11607.6201171875,31500.6796875
541,2022-06-26,21647,301,3911.739990234375,11607.6201171875,31500.6796875
542,2022-06-27,33320,407,3900.110107421875,11524.5498046875,31438.259765625
543,2022-06-28,35736,415,3821.550048828125,11181.5400390625,30946.990234375
544,2022-06-29,46273,505,3818.830078125,11177.8896484375,31029.310546875
545,2022-06-30,44680,541,3785.3798828125,11028.740234375,30775.4296875
546,2022-07-01,33828,470,3825.330078125,11127.849609375,31097.259765625
547,2022-07-02,21950,327,3825.330078125,11127.849609375,31097.259765625
548,2022-07-03,22301,266,3825.330078125,11127.849609375,31097.259765625
549,2022-07-04,23076,291,3825.330078125,11127.849609375,31097.259765625
550,2022-07-05,36840,389,3831.389892578125,11322.240234375,30967.8203125
551,2022-07-06,37448,511,3845.080078125,11361.849609375,31037.6796875
552,2022-07-07,44664,596,3902.6201171875,11621.349609375,31384.55078125
553,2022-07-08,39520,514,3899.3798828125,11635.3095703125,31338.150390625
554,2022-07-09,26208,349,3899.3798828125,11635.3095703125,31338.150390625
555,2022-07-10,23123,317,3899.3798828125,11635.3095703125,31338.150390625
556,2022-07-11,34522,472,3854.429931640625,11372.599609375,31173.83984375
557,2022-07-12,44699,549,3818.800048828125,11264.73046875,30981.330078125
558,2022-07-13,50744,669,3801.780029296875,11247.580078125,30772.7890625
559,2022-07-14,41201,573,3790.3798828125,11251.1904296875,30630.169921875
560,2022-07-15,38599,469,3863.159912109375,11452.419921875,31288.259765625
561,2022-07-16,28645,389,3863.159912109375,11452.419921875,31288.259765625
562,2022-07-17,25737,332,3863.159912109375,11452.419921875,31288.259765625
563,2022-07-18,37066,527,3830.85009765625,11360.0498046875,31072.609375
564,2022-07-19,42913,540,3936.68994140625,11713.150390625,31827.05078125
565,2022-07-20,43011,647,3959.89990234375,11897.650390625,31874.83984375
566,2022-07-21,48031,623,3998.949951171875,12059.6103515625,32036.900390625
567,2022-07-22,46491,626,3961.6298828125,11834.1103515625,31899.2890625
568,2022-07-23,20631,317,3961.6298828125,11834.1103515625,31899.2890625
569,2022-07-24,19834,324,3961.6298828125,11834.1103515625,31899.2890625
570,2022-07-25,35652,520,3966.840087890625,11782.669921875,31990.0390625
571,2022-07-26,37193,554,3921.050048828125,11562.5703125,31761.5390625
572,2022-07-27,47608,598,4023.610107421875,12032.419921875,32197.58984375
573,2022-07-28,49936,707,4072.429931640625,12162.58984375,32529.630859375
574,2022-07-29,39093,680,4130.2900390625,12390.6904296875,32845.12890625
575,2022-07-30,22158,402,4130.2900390625,12390.6904296875,32845.12890625
576,2022-07-31,21975,316,4130.2900390625,12390.6904296875,32845.12890625
577,2022-08-01,33486,582,4118.6298828125,12368.98046875,32798.3984375
578,2022-08-02,42375,717,4091.18994140625,12348.759765625,32396.169921875
579,2022-08-03,45814,844,4155.169921875,12668.16015625,32812.5
580,2022-08-04,39980,911,4151.93994140625,12720.580078125,32726.8203125
581,2022-08-05,50759,1039,4145.18994140625,12657.5498046875,32803.46875
582,2022-08-06,25255,546,4145.18994140625,12657.5498046875,32803.46875
583,2022-08-07,28132,587,4145.18994140625,12657.5498046875,32803.46875
584,2022-08-08,55210,1418,4140.06005859375,12644.4599609375,32832.5390625
585,2022-08-09,58054,1577,4122.47021484375,12493.9296875,32774.41015625
586,2022-08-10,53645,1314,4210.240234375,12854.7998046875,33309.51171875
587,2022-08-11,45674,1265,4207.27001953125,12779.91015625,33336.671875
588,2022-08-12,45972,1355,4280.14990234375,13047.1904296875,33761.05078125
589,2022-08-13,24311,648,4280.14990234375,13047.1904296875,33761.05078125
590,2022-08-14,24057,554,4280.14990234375,13047.1904296875,33761.05078125
591,2022-08-15,54514,1680,4297.14013671875,13128.0498046875,33912.44140625
592,2022-08-16,110912,3605,4305.2001953125,13102.5498046875,34152.01171875
593,2022-08-17,134375,4216,4274.0400390625,12938.1201171875,33980.3203125
594,2022-08-18,154564,5143,4283.740234375,12965.33984375,33999.0390625
595,2022-08-19,120863,3917,4228.47998046875,12705.2197265625,33706.73828125
596,2022-08-20,42122,1246,4228.47998046875,12705.2197265625,33706.73828125
597,2022-08-21,32980,825,4228.47998046875,12705.2197265625,33706.73828125
598,2022-08-22,59831,1411,4137.990234375,12381.5703125,33063.609375
599,2022-08-23,47543,1235,4128.72998046875,12381.2998046875,32909.58984375
600,2022-08-24,54742,1444,4140.77001953125,12431.5302734375,32969.23046875
601,2022-08-25,51912,1244,4199.1201171875,12639.26953125,33291.78125
602,2022-08-26,54749,1123,4057.659912109375,12141.7099609375,32283.400390625
603,2022-08-27,28664,606,4057.659912109375,12141.7099609375,32283.400390625
604,2022-08-28,27166,539,4057.659912109375,12141.7099609375,32283.400390625
605,2022-08-29,49729,1139,4030.610107421875,12017.669921875,32098.990234375
606,2022-08-30,52706,1268,3986.159912109375,11883.1396484375,31790.869140625
607,2022-08-31,68296,1601,3986.159912109375,11883.1396484375,31790.869140625
